Date,Total_Entries
2024-04-01,90
2024-04-02,142
2024-04-03,101
2024-04-04,196
2024-04-05,243
2024-04-06,137
2024-04-07,99
2024-04-08,223
2024-04-09,172
2024-04-10,129
2024-04-11,169
2024-04-12,183
2024-04-13,206
2024-04-14,192
2024-04-15,153
2024-04-16,92
2024-04-17,94
2024-04-18,152
2024-04-19,106
2024-04-20,215
2024-04-21,167
2024-04-22,233
2024-04-23,115
2024-04-24,228
2024-04-25,131
2024-04-26,218
2024-04-27,87
2024-04-28,136
2024-04-29,189
2024-04-30,209
2024-05-01,143
2024-05-02,90
2024-05-03,213
2024-05-04,175
2024-05-05,155
2024-05-06,143
2024-05-07,180
2024-05-08,172
2024-05-09,123
2024-05-10,221
2024-05-11,162
2024-05-12,212
2024-05-13,178
2024-05-14,104
2024-05-15,181
2024-05-16,152
2024-05-17,201
2024-05-18,150
2024-05-19,196
2024-05-20,161
2024-05-21,209
2024-05-22,195
2024-05-23,89
2024-05-24,209
2024-05-25,139
2024-05-26,124
2024-05-27,215
2024-05-28,198
2024-05-29,86
2024-05-30,151
2024-05-31,100
2024-06-01,176
2024-06-02,126
2024-06-03,80
2024-06-04,219
2024-06-05,207
2024-06-06,173
2024-06-07,211
2024-06-08,113
2024-06-09,166
2024-06-10,111
2024-06-11,82
2024-06-12,147
2024-06-13,136
2024-06-14,193
2024-06-15,231
2024-06-16,112
2024-06-17,210
2024-06-18,211
2024-06-19,109
2024-06-20,149
2024-06-21,128
2024-06-22,109
2024-06-23,161
2024-06-24,223
2024-06-25,213
2024-06-26,103
2024-06-27,194
2024-06-28,171
2024-06-29,235
2024-06-30,100
2024-07-01,87
2024-07-02,115
2024-07-03,203
2024-07-04,88
2024-07-05,119
2024-07-06,208
2024-07-07,196
2024-07-08,147
2024-07-09,233
2024-07-10,247
2024-07-11,82
2024-07-12,187
2024-07-13,201
2024-07-14,88
2024-07-15,239
2024-07-16,83
2024-07-17,85
2024-07-18,152
2024-07-19,105
2024-07-20,209
2024-07-21,193
2024-07-22,164
2024-07-23,165
2024-07-24,210
2024-07-25,114
2024-07-26,193
2024-07-27,138
2024-07-28,117
2024-07-29,112
2024-07-30,200
2024-07-31,222
2024-08-01,179
2024-08-02,221
2024-08-03,124
2024-08-04,127
2024-08-05,197
2024-08-06,244
2024-08-07,108
2024-08-08,163
2024-08-09,241
2024-08-10,192
2024-08-11,196
2024-08-12,122
2024-08-13,240
2024-08-14,98
2024-08-15,87
2024-08-16,238
2024-08-17,90
2024-08-18,87
2024-08-19,232
2024-08-20,192
2024-08-21,227
2024-08-22,117
2024-08-23,214
2024-08-24,196
2024-08-25,246
2024-08-26,153
2024-08-27,151
2024-08-28,185
2024-08-29,197
2024-08-30,99
2024-08-31,90
2024-09-01,223
2024-09-02,121
2024-09-03,169
2024-09-04,131
2024-09-05,244
2024-09-06,131
2024-09-07,216
2024-09-08,242
2024-09-09,174
2024-09-10,214
2024-09-11,81
2024-09-12,104
2024-09-13,155
2024-09-14,173
2024-09-15,173
2024-09-16,120
2024-09-17,166
2024-09-18,160
2024-09-19,203
2024-09-20,156
2024-09-21,117
2024-09-22,121
2024-09-23,157
2024-09-24,143
2024-09-25,211
2024-09-26,238
2024-09-27,204
2024-09-28,220
2024-09-29,106
2024-09-30,138
2024-10-01,144
2024-10-02,104
2024-10-03,116
2024-10-04,203
2024-10-05,150
2024-10-06,221
2024-10-07,173
2024-10-08,231
2024-10-09,146
2024-10-10,182
2024-10-11,170
2024-10-12,245
2024-10-13,169
2024-10-14,149
2024-10-15,138
2024-10-16,91
2024-10-17,130
2024-10-18,245
2024-10-19,89
2024-10-20,88
2024-10-21,166
2024-10-22,173
2024-10-23,131
2024-10-24,101
2024-10-25,152
2024-10-26,162
2024-10-27,151
2024-10-28,197
2024-10-29,147
2024-10-30,84
2024-10-31,162
2024-11-01,200
2024-11-02,236
2024-11-03,85
2024-11-04,148
2024-11-05,137
2024-11-06,122
2024-11-07,151
2024-11-08,170
2024-11-09,116
2024-11-10,137
2024-11-11,206
2024-11-12,116
2024-11-13,233
2024-11-14,249
2024-11-15,95
2024-11-16,229
2024-11-17,189
2024-11-18,230
2024-11-19,210
2024-11-20,91
2024-11-21,102
2024-11-22,190
2024-11-23,218
2024-11-24,131
2024-11-25,206
2024-11-26,108
2024-11-27,200
2024-11-28,223
2024-11-29,180
2024-11-30,90
2024-12-01,218
2024-12-02,168
2024-12-03,137
2024-12-04,98
2024-12-05,239
2024-12-06,129
2024-12-07,201
2024-12-08,151
2024-12-09,134
2024-12-10,248
2024-12-11,178
2024-12-12,149
2024-12-13,228
2024-12-14,196
2024-12-15,105
2024-12-16,208
2024-12-17,234
2024-12-18,193
2024-12-19,144
2024-12-20,89
2024-12-21,174
2024-12-22,200
2024-12-23,205
2024-12-24,116
2024-12-25,148
2024-12-26,120
2024-12-27,124
2024-12-28,202
2024-12-29,205
2024-12-30,106
2024-12-31,163
2025-01-01,215
2025-01-02,128
2025-01-03,175
2025-01-04,200
2025-01-05,193
2025-01-06,93
2025-01-07,141
2025-01-08,122
2025-01-09,234
2025-01-10,175
2025-01-11,106
2025-01-12,147
2025-01-13,206
2025-01-14,127
2025-01-15,146
2025-01-16,104
2025-01-17,198
2025-01-18,231
2025-01-19,88
2025-01-20,215
2025-01-21,174
2025-01-22,138
2025-01-23,96
2025-01-24,174
2025-01-25,211
2025-01-26,180
2025-01-27,215
2025-01-28,121
2025-01-29,128
2025-01-30,85
2025-01-31,152
2025-02-01,249
2025-02-02,111
2025-02-03,222
2025-02-04,161
2025-02-05,148
2025-02-06,193
2025-02-07,106
2025-02-08,145
2025-02-09,235
2025-02-10,231
2025-02-11,130
2025-02-12,228
2025-02-13,238
2025-02-14,154
2025-02-15,129
2025-02-16,171
2025-02-17,191
2025-02-18,247
2025-02-19,147
2025-02-20,185
2025-02-21,223
2025-02-22,155
2025-02-23,165
2025-02-24,186
2025-02-25,135
2025-02-26,159
2025-02-27,103
2025-02-28,107
2025-03-01,200
2025-03-02,172
2025-03-03,164
2025-03-04,191
2025-03-05,201
2025-03-06,168
2025-03-07,110
2025-03-08,222
2025-03-09,190
2025-03-10,121
2025-03-11,181
2025-03-12,129
2025-03-13,203
2025-03-14,212
2025-03-15,92
2025-03-16,111
2025-03-17,158
2025-03-18,170
2025-03-19,237
2025-03-20,85
2025-03-21,104
2025-03-22,235
2025-03-23,229
2025-03-24,147
2025-03-25,222
2025-03-26,105
2025-03-27,97
2025-03-28,152
2025-03-29,141
2025-03-30,147
2025-03-31,127
2025-04-01,142
2025-04-02,213
2025-04-03,130
2025-04-04,91
2025-04-05,205
2025-04-06,88
2025-04-07,86
2025-04-08,236
2025-04-09,229
2025-04-10,225
2025-04-11,137
2025-04-12,119
2025-04-13,168
2025-04-14,110
2025-04-15,242
2025-04-16,105
2025-04-17,185
2025-04-18,163
2025-04-19,241
2025-04-20,155
2025-04-21,223
2025-04-22,202
2025-04-23,121
2025-04-24,212
2025-04-25,140
2025-04-26,123
2025-04-27,114
2025-04-28,187
2025-04-29,170
2025-04-30,207
2025-05-01,80
2025-05-02,122
2025-05-03,111
2025-05-04,182
2025-05-05,112
2025-05-06,174
2025-05-07,188
2025-05-08,145
2025-05-09,109
2025-05-10,89
2025-05-11,102
2025-05-12,176
2025-05-13,118
2025-05-14,202
2025-05-15,236
2025-05-16,237
2025-05-17,241
2025-05-18,182
2025-05-19,101
2025-05-20,84
2025-05-21,218
2025-05-22,239
2025-05-23,231
2025-05-24,218
2025-05-25,218
2025-05-26,224
2025-05-27,239
2025-05-28,162
2025-05-29,234
2025-05-30,111
2025-05-31,140
2025-06-01,104
2025-06-02,143
2025-06-03,235
2025-06-04,247
2025-06-05,170
2025-06-06,221
2025-06-07,121
2025-06-08,118
2025-06-09,81
2025-06-10,160
2025-06-11,80
2025-06-12,188
2025-06-13,239
2025-06-14,204
2025-06-15,143
2025-06-16,238
2025-06-17,161
2025-06-18,157
2025-06-19,190
2025-06-20,221
2025-06-21,95
2025-06-22,133
2025-06-23,220
2025-06-24,203
2025-06-25,159
2025-06-26,158
2025-06-27,238
2025-06-28,228
2025-06-29,206
2025-06-30,237
